"renda 15-29","renda 15-17","renda 18-24","renda 25-29"
1380.2034218095,570.125695120634,1140.92783412458,1722.44353249341
