"renda 15-29","renda 15-17","renda 18-24","renda 25-29"
1175.33622633282,527.082426309344,988.257440092331,1483.52415222888
