"renda 15-29","renda 15-17","renda 18-24","renda 25-29"
1409.77426536484,565.363274791084,1152.9923369615,1789.07992286797
