"renda 15-29","renda 15-17","renda 18-24","renda 25-29"
1466.17078686731,577.0294540283,1227.08805656779,1817.3326981915
