"renda 15-29","renda 15-17","renda 18-24","renda 25-29"
1248.24886593884,526.527525360068,1046.14466501036,1582.12545868192
