"renda 15-29","renda 15-17","renda 18-24","renda 25-29"
1009.83860981812,452.318400347043,860.100707008158,1278.27559657862
