"renda 15-29","renda 15-17","renda 18-24","renda 25-29"
1428.54198103255,576.832326075892,1170.54484123367,1807.8359434849
