"renda 15-29","renda 15-17","renda 18-24","renda 25-29"
1101.69925173862,489.770275508713,946.735197836661,1379.08890257152
